SMILES,cats_euclidean_dist
O=c1sc2c(ccn2-c2nccs2)cc1-n1cc(/C=N/Nc2nccs2)nn1,9.539392014169456
C/C(=N\Nc1nn2nc(-c3ccc(C#N)s3)nc2s1)c1cnc2c(ccn2C)c1,9.746794344808963
C/C(=N\Nc1cccc(-c2nccs2)n1)c1nc2sc(=S)sc2c(=O)n1C,9.9498743710662
Cc1cc2c(-c3nnc(-c4nc(O)c5sc6nn(C)cc6c5n4)s3)nn(C)c2n1C,10.344080432788601
CSc1ccc(-n2ncc3c(O)nc(-c4nc(-c5cccs5)nn4C)nc32)s1,10.344080432788601
CNc1ncc(C)c(-c2cn(-c3ccc4osc(=Nc5nccs5)c4c3)nn2)n1,10.723805294763608
COc1ccc(/C=N/Nc2nn3nc(-c4snc5ccc(=O)sc45)nc3s2)cc1,10.770329614269007
Nc1nn(CCCc2cccs2)c2sc(=S)n3nc(-c4ccco4)nc3c12,10.816653826391969
C/C(=N\Nc1nn2nc(-c3ccc(F)s3)nc2s1)c1ccc(-n2nccn2)cc1,10.908712114635714
COc1csc(-n2ncc3cc(-c4nc(-c5nnc(CS)o5)cs4)ccc32)n1,10.908712114635714
COc1ccc(-c2noc(-c3cc(=O)n(C(=S)S)c4nccn34)n2)cc1OC,10.954451150103322
COC(=O)c1ccc(-n2ccc3c2nc(-c2ccco2)n3-c2nnc(S)s2)nc1,10.954451150103322
COc1ccc(CNc2nc3cnsc3c3nc(-c4cccc(=S)o4)nn23)cc1,11.090536506409418
COc1ccc(-n2cc(/C=N/Nc3nc(-c4ccc5c(c4)OCO5)cs3)nn2)s1,11.135528725660043
C/C(=N\Nc1cccs1)c1nc2ncn(-c3ccco3)c(=O)c2n1-c1nccs1,11.135528725660043
Oc1cc(-c2csc(CSc3nncs3)n2)cn2nc(-c3ccns3)nc12,11.135528725660043
Cn1sc2nc(N/N=C/c3ccc(-n4nnc(-c5cccs5)n4)cc3)sc2c1=O,11.269427669584644
S=c1sc(N/N=C/c2ccc(-n3nccn3)cc2)nc2nc(-c3ccco3)nn12,11.313708498984761
Cn1cc(COc2ccc3c(c2)Cc2c(N)nc(-n4ssc4=S)nc2-3)nn1,11.40175425099138
COc1ccc(-c2cc(/N=N/c3ccccc3)n3c(=O)sc(=S)n3n2)cc1,11.40175425099138
CNc1nc(-c2cc3c(cn2)sn2nc(-c4ccco4)nc32)n(-c2ccc(C)nc2)n1,11.445523142259598
COc1ccc(/C=N/c2c(-c3nnns3)nn3nc(-c4ccco4)sc23)cc1,11.532562594670797
Oc1ccc(-n2nnc3sc(=S)c4c(nnn4CCc4cncs4)c32)cc1,11.61895003862225
Cc1cc2cc(-c3nc4nn(-c5cnc(N(C)C)nc5)cc4s3)c(=O)oc2cc1O,11.789826122551595
Cn1ccc2cc(-c3nc4sc(N/N=C/c5ccc(-n6cccn6)nc5)nn4n3)ccc21,11.789826122551595
COc1ccc(/C=N/Nc2nn(-c3cnc4sc5cccnc5n34)c(=S)s2)cc1,11.789826122551595
CSc1nc2c(ncn2-c2nc(-c3ccc(O)cc3)n(-c3cccs3)n2)s1,11.832159566199232
COc1ccc(-c2nsc3c2s/c(=N\C#N)n2c(=S)snc32)cc1OC,11.874342087037917
CC(C)(C)COc1ccc(-c2nc3c4cn(-c5cccs5)nc4nc(N)n3n2)s1,11.916375287812984
Cc1ccc(-c2nc3n(Cc4cccc(-c5nnc(S)s5)n4)sc(=O)n3n2)o1,11.958260743101398
O=C(Cn1nnc(-c2cccs2)n1)c1cc2cc(-c3ncsn3)sc2cc1O,11.958260743101398
CNc1nc(-c2cscn2)n2c(n1)nc1c(Sc3ccc(C#N)s3)n(C)cc12,12.12435565298214
Cc1ccc(CSc2nn3nc(-n4c(=O)sc5cc(O)ccc54)nc3s2)o1,12.165525060596439
C/C(=N/Nc1nc2nn(C)cc2c2nc(-c3ccc(C#N)s3)nn12)c1cccs1,12.288205727444508
COc1ccc(-c2nc3n4c(=O)n(-c5ccns5)nc4nc(NC4CC4)sc2=3)cc1,12.288205727444508
CCNc1ncc2c(-c3nncs3)nn(C(=O)c3ccc(-c4cncs4)cc3)c2n1,12.328828005937952
COc1ccc(-n2nc(-c3nc4nc(-c5ccns5)nc(O)c4s3)oc2=S)cc1,12.328828005937952
CSOc1ccc(-c2nc(-c3cn4nc(O)nc4s3)cs2)c2c1OCCO2,12.328828005937952
CC(C)(C)c1nnc(SCc2cc3scc(-c4nnc(CS)o4)c3nn2)s1,12.328828005937952
Cn1c(F)cnc1N/N=C/c1ccc(-n2nnc(-c3cnc4ccsc4c3)n2)s1,12.449899597988733
CSCCn1c(-c2ccco2)nc2sc(-c3cn4cc(O)nc4s3)nc2c1=O,12.489995996796797
COc1ccc(-c2nc3sc(N/N=C/c4ccc(-n5ccnn5)cc4)nn3n2)s1,12.489995996796797
CSc1cc(=O)c2cc(C(=O)C3=C(C(=O)O)CCCS3)n(-c3ncco3)c2s1,12.489995996796797
CCn1cc(-n2ccnc2)nc(-c2nc3sc(-c4ccc(O)cc4)nc3s2)c1=O,12.489995996796797
C[n+]1sc(=S)n2nc(-c3ccco3)nc2c1/N=C/c1ccc(-n2cnnn2)cc1,12.569805089976535
COc1ccc(-c2nc3c(=S)n(-c4ccc5nn(C)nc5c4)c(O)nc3s2)cc1,12.609520212918492
C/C(=N\Nc1nsc2nc(-c3cccs3)nn12)c1ccc(-n2cncn2)cc1,12.609520212918492
Fc1ccc(COc2ccc3nnc(-n4nc(S)nc4-c4cccs4)nn23)cc1,12.609520212918492
CC(C)(C)n1nc(-c2nc3sc(N/N=C\c4ccc(-n5cccn5)cc4)nn3n2)s1,12.609520212918492
COc1ccc(C(=O)n2c(C)nc3sc(-c4cn5nc(S)sc5n4)nc32)cc1,12.609520212918492
Cc1nnc(COc2ccc3c(n2)c2nc(-c4nnc(S)s4)ccc2n3C)s1,12.649110640673518
O=c1sc(O)nc2cc(-c3cn(CSc4nc(-c5ccccc5)cs4)nn3)nn12,12.649110640673518
C(=N/Nc1nsc(-c2nnc(-c3cccs3)o2)n1)\c1ccc(N2CCOCC2)s1,12.649110640673518
C(=N/Nc1nsc(-c2nnc(-c3ccccc3)o2)n1)\c1ccc(N2CCOCC2)s1,12.649110640673518
COC(=O)c1ccc(/C=N/Nc2nc3nc(-c4cccs4)nn3c(=S)s2)cc1,12.68857754044952
COc1ccc(-c2nc3ssc(=S)n3c2-c2cn(C(=O)CC#N)c(N)n2)cc1,12.68857754044952
CSc1noc(CSc2cc3c(=O)c4c(C(=O)O)csc4sc3s2)n1,12.806248474865697
COc1ccc(-c2nc3sc(N/N=C\c4ccc(-n5nccn5)cc4)nn3n2)s1,12.806248474865697
Oc1cc(OCc2ccccc2)nn2nc(-c3cc4oc(-c5cnsc5)nc4s3)nc12,12.922847983320086
Cc1noc2ccc(-c3nn(CCOC(=S)S)c4nc(-c5ccco5)nn34)cc12,12.922847983320086
C/C(=N\Nc1nnc(-c2nc3sc(=O)n(C)c3s2)s1)c1ccc2c(c1)OCO2,12.96148139681572
COc1cc(-n2nc(-c3nc4ccc(C(=O)O)cc4o3)s2)cc2c1OCC(C)S2,12.96148139681572
COc1ccc(/N=c2\sc(=S)sn2-c2ncnc3scnc23)cc1OC,13.0
COc1ccc(-c2nn3nc(-c4snnc4/N=C/c4cccs4)nc3s2)cc1,13.0
COc1ccc(-c2ccn(-c3nc4sc(N)nc4c4nc(-n5ccs5)nn34)n2)cc1,13.038404810405298
SCc1nnc(N/N=C/c2ccc(-c3nc4sc(-c5ccco5)nn4n3)cc2)s1,13.038404810405298
N=c1soc2ccc(CCCn3sc(=S)n4nc(-c5ccco5)nc34)cc12,13.076696830622021
CSc1c(=S)sn2nc(-c3ccc(C(=O)O)s3)n(S(=O)(=O)c3ccco3)c12,13.114877048604
C=Cc1nc(-n2nnc(-c3cccs3)n2)c2cn(-c3ccc(OS)cc3)nc2n1,13.114877048604
COc1ccc(-n2nc(-c3ccco3)nc2-c2nc3[nH]c(=S)sn3n2)nc1C,13.19090595827292
COc1ccc(-c2cn3nc(-c4ccc(CS)nn4)nc3s2)c2sc(=O)oc12,13.228756555322953
COc1ccc(-c2nc(N/N=C/c3cnc(Cl)s3)nc3nsc(=S)n23)cc1,13.228756555322953
C/C(=N\Nc1csc2nc(-c3cccs3)nn12)c1cnc(-n2ccnc2)nc1,13.228756555322953
CCn1cnc2c(-n3nc(-c4ccc(O)cc4)s3)nc(-c3ccc4c(c3)OCO4)nc21,13.228756555322953
CSc1ccc(-n2cc(-c3nc(-n4c(=O)sc5cc(O)ccc54)ns3)nn2)cc1,13.228756555322953
COc1ccc(/C=N/Nc2nn3nc(-c4nnc(C(C)(C)C)s4)nc3s2)cc1,13.2664991614216
C/C(=N\Nc1nsc(-n2cc(-c3cccs3)nn2)n1)c1ccc2c(c1)OCO2,13.2664991614216
COc1ccc(-c2nc3sc(-c4nnc(C(=O)O)s4)nc3n2-c2cccs2)cc1,13.2664991614216
COc1ccc2sc(-c3nc(N/N=C(/C)c4ccc5c(c4)OCO5)ns3)nc2c1,13.416407864998739
C(=N/Nc1nnc(Sc2nc3ccccc3o2)s1)\c1ccc(N2CCOCC2)cc1,13.416407864998739
COc1cnn(-c2ccc(/C=N\n3sc(=S)n4nc(-c5ccco5)nc34)cc2)c1,13.490737563232042
Oc1ccc(-c2nc3c4nc(-c5ccco5)nn4c(SCc4cccs4)nn3n2)cc1,13.527749258468683
C/C(=N\Nc1nn2nc(-c3nn(C(C)(C)C)s3)nc2s1)c1ccc2c(c1)OCO2,13.564659966250536
C/C(=N\Nc1nn2nc(-c3nccs3)nc2s1)c1ccc(-n2cnc(C)n2)cc1,13.564659966250536
COc1cccc(-c2nnc3sc(-c4ccc(/C=N/Nc5nncs5)cc4)nn23)c1,13.564659966250536
Cc1csc(-c2nc(S)c3sc(-c4cc5c(cn4)OCO5)nc3n2)n1,13.564659966250536
Nc1nc(-c2ccco2)cn2nc(SCc3nc(-c4ccsc4)ns3)nc12,13.638181696985855
COc1ccc(-c2nn3nc(-c4scnc4/N=N/c4ccccn4)nc3s2)cc1,13.638181696985855
CC#Cc1c2nc(Sc3cn4nc(-c5ccco5)nc4c(N)n3)sc2nn1CC,13.638181696985855
C/C(=N\Nc1nn2nc(-c3nc4c(C#N)n(C)cc4s3)nc2s1)c1ccccc1,13.674794331177344
COc1ccc2c(c1)sn1nc(-c3nnc(N/N=C/c4ccc(F)nc4)s3)nc21,13.711309200802088
COc1ccc(-c2nc3nc(-c4nn(-c5ccc(F)nn5)s4)nc(O)c3s2)cc1,13.711309200802088
Cn1c(SSc2nnc(-c3nc4ccc(O)cc4s3)s2)nccc1=O,13.711309200802088
COc1ccc2c(c1)OCc1nc(-c3nnc(N/N=C/c4ccncc4)s3)sc1-2,13.711309200802088
Cn1ccc(-c2c3c(nn2-c2ccc([N+](=O)[O-])cc2)CSc2nc(S)sc2-3)n1,13.784048752090222
COc1ccc(/C=N/Nc2nn3nc(-c4nn5cnc(Cl)c5s4)nc3s2)cc1,13.820274961085254
CNc1nccc(-c2cn(-c3cc4c(nn3)sc(=S)n4-c3ccc(OC)cc3)nn2)n1,13.820274961085254
C/C(=N/Nc1nn2nc(-c3nnc(Cl)s3)nc2s1)c1ccc(-n2cccn2)cc1,13.820274961085254
Cn1nc(N/N=C/c2ccc3c(c2)OCO3)nc1-c1nc(-c2cccs2)ns1,13.856406460551018
Cc1nc(-c2cccs2)nn1-c1nc(N/N=C/c2ccc3c(c2)OCO3)ns1,13.856406460551018
C(=N/Nc1nsc(-n2cc(-c3cccs3)nn2)n1)\c1ccc2c(c1)OCCO2,13.856406460551018
O=C(O)Cn1cc(SOc2ccc3c(c2)sc2c(-c4cccs4)nnn23)nn1,13.892443989449804
CSc1nc2c(nc(N)n3nc(-c4ccc(OCc5cccnc5)s4)nc23)s1,13.96424004376894
COc1ccc(-c2nc3c(O)nc(-c4nn(-c5cccc(=O)n5C)s4)nc3s2)cc1,13.96424004376894
Oc1ccc(-c2nn(-c3nc4cc(OCc5ccc6c(c5)OCO6)ncn4n3)s2)cc1,14.0
COc1ccc(-c2nc3cc(CS)nn3n2-c2nnnc(-c3cccs3)n2)cc1,14.0
CCOC(=O)c1csc2c1C(=O)c1ccc(-c3nnc(SS)s3)cc1-2,14.0
C/C(=N/Nc1nnc(-c2cc(-c3cn(C)nn3)cs2)s1)Sc1nccs1,14.0
COc1ccc(-n2nc(-c3ccco3)nc2-c2nc3c(nnn3C)sc2=S)cc1,14.035668847618199
CC(C)n1nnc2c(Cl)c(-n3nnc4c(-c5cccs5)nc(S)nc43)ccc21,14.071247279470288
Nc1nnc(SCc2nnc(-c3ccc4c(c3)SC(c3cccnc3)O4)s2)s1,14.071247279470288
Cn1cnc2c(c1=O)c1sccc1n2-c1nnc(NCc2ccc([N+](=O)[O-])cc2)s1,14.071247279470288
COc1ccc(-c2nc3c(-c4nnc(-c5cccs5)o4)nc(S)nn3n2)cc1,14.142135623730951
COc1ccc(-c2nc3c(O)nc(-c4nn(-c5cccs5)s4)nc3s2)cc1,14.142135623730951
CNc1nsc(-c2cn(-c3cccc(OS(=O)(=O)C(C)(C)C)c3)nn2)n1,14.177446878757825
Nc1nc(SCc2nn(-c3ccccc3)s2)nc2sc(-c3ccco3)nc12,14.247806848775006
CSOc1ccc(-n2cc(-c3nc(S)nn4nc(-c5ccco5)nc34)nn2)cc1,14.247806848775006
C(=N/Nc1nnc(-c2nnc(-c3cccs3)o2)s1)\c1ccc(N2CCOCC2)cc1,14.2828568570857
CC(C)(C)c1nnc(-c2cc(O)ccc2CSc2nnc(N3CCOCC3)s2)o1,14.2828568570857
COc1ccc(-c2nc(S)nc3nc(-c4ccc(-n5ncc(=O)o5)cc4)nn23)cc1,14.2828568570857
O=C(O)COc1ccc(-c2nc3sc(-c4cscn4)nc3n2-c2nccs2)cc1,14.2828568570857
COc1ccc(-c2nsc3nc(-c4noc(=S)n4-c4ccc(O)cc4)cn23)cc1,14.2828568570857
Cc1ccc(-n2cc(/C=N\Nc3nsc(-c4ncnc5ccsc45)n3)nn2)cc1,14.2828568570857
C(=N/Nc1nnc(-c2nnc(-c3ccco3)s2)s1)\c1ccc(N2CCOCC2)cc1,14.2828568570857
COc1ccc(-c2nnn3nc(-c4snc5cc(C(C)(C)C)sc45)nc(N)c23)cc1,14.352700094407323
C(=N/Nc1nsc(-c2nnc(-c3ccsc3)o2)n1)\c1ccc(N2CCOCC2)cc1,14.422205101855956
C/C(=N\Nc1nsc(-n2ncc(-c3cccs3)n2)n1)c1ccc2c(c1)OCO2,14.422205101855956
CCOC(=O)c1snc2c1sc(=O)c1sc(Sc3nnc(N)s3)cc12,14.422205101855956
O=C(O)c1cn(CCc2ccc3c(c2)OCO3)n2nc(-c3ccc4c(c3)OCO4)nc12,14.45683229480096
COc1ccc(-c2nn3nc(-c4snnc4/N=N/c4ccccc4)nc3s2)cc1,14.491376746189438
Fc1ccc(-n2cc(/C=N\Nc3nc(-c4cc5nc(S)nn5o4)cs3)nn2)cc1,14.491376746189438
CCc1ccn2nc(-c3scc4c3C(=O)n3c-4c(NC(C)=O)sc3=S)nc2c1,14.560219778561036
O=C(CSc1nn2nc(-c3ccc4c(c3)OCO4)nc2s1)c1ccc(O)cc1,14.560219778561036
CCOc1cc(=O)n2nc(-n3nc(-c4cccs4)nc3NC(=S)S)oc2c1,14.628738838327793
C/C(=N\Nc1cncc(-c2nc(-n3cnc4ccccc43)ns2)n1)c1ccns1,14.696938456699069
Cc1ccc2nc(-c3nc(N/N=C/c4ccc(N5CCOCC5)s4)no3)sc2n1,14.696938456699069
Oc1ccc(-n2cc(SOc3cc4c(cn3)-c3nc(-c5cccs5)nn3C4)nn2)cc1,14.696938456699069
CCn1cc(-c2cnc(N3CCN(c4nc(C)cs4)CC3)s2)nc2nc(N)nc1-2,14.798648586948742
COc1ccc(-n2cc(/N=c3\oc4c(ncn4-c4cc(C(=O)O)cs4)s3)nn2)cc1,14.832396974191326
COC(=O)c1ccc(-c2nc3sc4cnc(NCc5cccs5)nc4n3n2)s1,14.832396974191326
C/C(=N\Sc1nc2ccccc2s1)S/C(C=O)=N\c1cc2sccn2n1,14.866068747318506
Cc1nc(-c2nnn3c2-c2sc(CSc4nnc(N)s4)nc2CCC3)cs1,14.89966442575134
C/C(=N\Nc1nn2nc(-c3nc(Cl)cs3)nc2s1)c1ccc(-n2nccn2)cc1,14.933184523068078
Cn1c(-c2nnc(N)s2)nc2c3nn(C(=O)CSc4nccs4)cc3ccc21,14.933184523068078
c1csc(CCNc2ncnc3nc(-n4cc(-c5cc6ccccc6o5)nn4)nn23)c1,14.933184523068078
Cc1cn2c(n1)-c1cc(-c3nnc(CSc4nnc(N)s4)s3)ccc1OC2,14.933184523068078
COc1ccc(-c2cccc(-c3nn4nc(CS)nc4s3)n2)c2sc(=O)oc12,14.933184523068078
Cc1nsc([C@@H]2COc3ccc(-n4c(CS)nnc4-c4nccs4)cc3O2)n1,14.966629547095765
COc1ccc2sc(/C(C)=N/Nc3nc4sc(-n5nccn5)nc4s3)nc2c1,14.966629547095765
S=c1oc(-c2cnn3nc(CS)nc3c2)cn1-c1ccc(Oc2nnco2)cc1,14.966629547095765
CS(=O)(=O)Oc1ccc(-c2nn3nc(-c4cn5cc(O)nc5s4)cc3s2)cc1,14.966629547095765
COc1ccc(-c2nsc3c2sc2nc(-c4nc(NC(C)=O)ns4)nn23)cc1,14.966629547095765
COc1ccc(-c2nc3c4sc(-c5ccc(OC)c(C(=O)O)c5)nc4sn3n2)cn1,15.0
O=S(=O)(O)c1ccc(/C=N/N=C/c2csc(-c3ccc4c(c3)OCO4)n2)s1,15.0
COc1ccc(-c2nc(N)c3nc(-c4cc5sc(S)nn5n4)sc3n2)cc1,15.0
CN(CC(C)(C)C)c1ccc(-n2nnc3s/c(=N/c4ncnc(N)n4)sc32)s1,15.033296378372908
C/C(=N\Nc1nn2nc(-c3ccc(Cl)s3)nc2s1)c1ccc(-n2nccn2)nc1,15.066519173319364
COc1ccc(-c2nn3nc(-c4nnc(NN=C5CCOCC5)s4)cc3s2)cc1,15.0996688705415
COc1ccc(/C=N/Nc2nn3nc(-c4nc5cc(=O)scc5s4)nc3s2)cc1,15.0996688705415
Cc1ccc(-c2cnc3sc4nnc(-c5cn(-c6ccc(O)cc6)nn5)nc4n23)cn1,15.0996688705415
Cc1ccc(-c2nc3sc(CS)nc3n2-c2nc3cn(C)nc3c3nccn23)o1,15.0996688705415
C/C(=N\Nc1ncnc2cc(-n3cccn3)nn12)c1ccc2nc(-c3cccs3)nn2c1,15.0996688705415
COc1ccc(/C=N/Nc2nn3nc(-c4nc5sc(=O)ccc5s4)nc3s2)cc1,15.0996688705415
C/C(=N\Nc1ncnc(-c2cccs2)n1)c1ccc(-n2nnc3scnc32)cc1,15.0996688705415
O=C(O)CCc1cc2nc(-n3cccn3)nc(-c3nn(-c4cccs4)s3)c2s1,15.0996688705415
Cc1ccc(/C=N\Nc2nn3nc(-c4nc(-c5cncs5)ns4)nc3s2)cc1,15.0996688705415
CCCn1c(=S)n(-c2ncnc(N)n2)c2sc(-c3ccc4c(c3)OCO4)nc21,15.165750888103101
COc1ccc(-c2nc3sc(-c4nc(=S)n(O)s4)nc3n2-c2ccccn2)cc1,15.198684153570664
Cn1cnc2sc(Nc3ccc(OSc4nnnn4-c4ccccc4)cc3)nc2c1=O,15.198684153570664
Oc1cnc2cc(CSc3nnc(-c4cccs4)n3-c3cccs3)nnc2n1,15.231546211727817
COc1ccc(-c2nc3c(O)nc(-c4nc5sc(=O)n(C)c5s4)nc3s2)cc1,15.329709716755891
Cn1c(Sc2ccc(-n3cccn3)cc2)nc2c1nc(N)n1nc(-c3ccns3)nc21,15.329709716755891
COc1ccc(-n2c(-n3cc(/C=N/Nc4nccs4)nn3)nc3scnc32)cc1,15.362291495737216
C/C(=N\Nc1nn2nc(-c3nccs3)nc2s1)c1ccc(-c2nccs2)nc1,15.362291495737216
FCCNc1nnc(-c2nc3ccc(-n4nnc(-c5cccs5)n4)nc3s2)s1,15.362291495737216
CSc1nsc(-n2ncc3c(-c4cnn(-c5ccccc5)c4)nc(S)nc32)n1,15.362291495737216
COC(=O)Oc1ccc(/C=N/Nc2ncnc3c2sc(=S)n3-c2cn(C)cn2)cc1,15.362291495737216
CSc1nc(-c2nc3c(-c4cnn(C)n4)nn(-c4ccc(O)cc4)c3s2)ns1,15.362291495737216
COc1ccc(-c2nc3c(O)nc(-c4nnns4)nc3n2-c2cccs2)cc1,15.362291495737216
COc1ccc(-c2nn3c(nn4cc(-c5nc(OC)c(C(=O)O)s5)nc43)s2)cc1,15.394804318340652
CC(O)OC(=O)CSc1nnc(-c2cc3sc(-c4cccs4)nn3n2)s1,15.394804318340652
Nc1nnc(SCc2nc(-c3nccs3)n(-c3ccc(Cl)cc3)n2)s1,15.394804318340652
Nc1nnc(-c2nn(-c3ccc(OSc4nncs4)cc3)c3c2COCC3)s1,15.427248620541512
CSc1nnc(-c2cn3c(n2)-c2c(CS)nn(-c4ccc([N+](=O)[O-])cc4)c2C3)s1,15.459624833740307
CSc1nsc(-c2noc3c2OCc2sc(-c4cnc(CS)nn4)cc2-3)n1,15.459624833740307
C/N=N/c1nn(-c2ccc3c(c2)-c2snc(-c4cccs4)c2OC3)nc1CS,15.459624833740307
COc1cccc(-c2nc3sc(-c4nn(C)c(=N)s4)nc3n2-c2ccccc2)n1,15.491933384829668
Cn1ccc(N/N=C(\CSc2nc3ccccc3s2)c2nnnn2C(C)(C)C)n1,15.491933384829668
SCc1nnn(-c2ccc(/C=N/Nc3nc(-c4cccs4)nn4cccc34)nc2)n1,15.524174696260024
COc1ccc(-c2nsn3nc(-c4snnc4/N=C\c4cccs4)nc23)cc1,15.524174696260024
COc1ccc(-c2nsn3nc(-c4snnc4/N=C/c4cccs4)nc23)cc1,15.524174696260024
Cn1c(-c2nsc(-c3ccc(-n4cncn4)cc3)n2)nc2c(O)cc(CS)nc21,15.556349186104045
COc1ccc(-c2nc(-c3nnc(SS)s3)nn2-c2ccc3c(c2)OCO3)cc1,15.588457268119896
CSOc1ccc(-c2nc(-c3nc4[nH]c(=S)sc(=O)n4n3)cs2)nc1,15.588457268119896
Oc1ccn2nc(-c3nn(-c4ccc(OCc5nncs5)cc4)c(=S)s3)nc2c1,15.620499351813308
COc1ccc(/C=N/Nc2nn3nc(-c4nc5ccc(=O)sc5s4)nc3s2)cc1,15.620499351813308
Nc1nnc([SH]=Nc2nc(-c3ccc4c(c3)OCO4)cn2CC2CCCS2)s1,15.684387141358123
CC(C)(C)[SH](C)(=O)c1nc(N)c2sc(-c3csc(N4CCOCC4)n3)nc2n1,15.684387141358123
C/C(=N/Nc1ncnc(-c2cccs2)n1)c1nnc(-c2ccc3c(c2)OCO3)s1,15.716233645501712
CSc1ncc(N/N=C/c2c(-c3cccs3)nn3nc(-c4ccco4)sc23)nn1,15.748015748023622
C/C(=N/Nc1nc(-c2nnns2)nn1-c1ccc(C)cc1)c1ccc(=S)sc1,15.748015748023622
COc1ccc(/C=N/Nc2nc3c(nnc4c3nnn4-c3ccc(F)cc3)s2)cc1,15.748015748023622
CNc1nc2c(nc(-c3cc4c(s3)OC4=O)c3nc(-c4ccc(OC)cc4)nn32)s1,15.7797338380595
C(=N/Nc1nc(-n2ccc(-c3cccs3)n2)n(C2CC2)n1)\c1ccc2c(c1)OCO2,15.84297951775486
COc1ccc2sc(-n3cc(CSc4nc(N)nc5ncsc45)nn3)cc2c1,15.84297951775486
Cn1c(-c2nc3c(cnn3CCC(=O)O)s2)nc2c(-c3cccs3)nsc21,15.874507866387544
COc1ccc(-c2nc3c(O)nc(-c4ncc(F)s4)nc3n2-c2nncs2)cc1,15.874507866387544
Cn1c(-c2ccc(SC(=O)O)s2)nc2c1nnc1nc(-c3cccs3)n(C)c12,15.874507866387544
COc1ccc(-c2nc3c(O)nc(-c4nc(F)cs4)nc3n2-c2nncs2)cc1,15.874507866387544
COc1ccc(-c2nc3nc(-c4cc(S(=O)O)ns4)nn3n2-c2cccs2)cc1,15.874507866387544
CCn1c(C(=S)S)cc(C#N)c2c(-c3nc(-c4csc(C)n4)nn3C)nnc1-2,15.874507866387544
C(=N/Nc1nccs1)\c1cn(-c2nc(-c3cccs3)nc(-c3cccs3)n2)nn1,15.874507866387544
NNc1sc(S(=O)c2ccsc2)nc1-c1cn(-c2ccc3c(c2)OCO3)nn1,15.905973720586866
Cc1ccc(-n2nnc3c4c(sc32)-c2sc(OS(=O)(=O)O)cc2SC4)cn1,15.905973720586866
[C-]#[N+]c1ccc(-c2nc3sc(N/N=C/c4ccc(-n5ncc(C)n5)nc4)nn3n2)s1,15.937377450509228
COc1ccc(-c2nc3sc4ncsc4c3nc2-c2nnns2)cc1OC,15.937377450509228
COc1ccc(-n2c(=S)sc3c(O)nc(-c4nc5ncn(C)c5s4)nc32)cc1,15.968719422671311
Cn1cnc(-c2nn(-c3ccc(O)cc3)c3sc4nc(-c5cscn5)nnc4c23)c1,15.968719422671311
CCOc1nccc2c1sn1nc(-c3nn(-c4ccc(O)cc4)c(=S)s3)nc21,15.968719422671311
Cc1nn2cc(-c3nc(N/N=C/c4ccc(N5CCOCC5)cc4)ns3)nc2s1,16.0
CNc1nc(-c2ccc3c(c2)OCO3)nc(-n2nc3c(-c4ccsc4)nn(C)cc2-3)n1,16.0
Oc1ccc(-c2nsc(-c3nc4nc(-c5ccc(N6CCCC6)nc5)sn4n3)n2)cc1,16.0
CNc1nnc(-c2nc3sc4ncc(-c5ccc(N(C)C)c(F)n5)nc4c3s2)o1,16.0
CSSc1noc(-c2nnc3n2CCOc2sc(-c4ccc(O)cn4)cc2-3)n1,16.09347693943108
COc1ccc(-c2nc3c(-c4csc(N)n4)cc(-c4nc5c(s4)CO5)nn3n2)cc1,16.09347693943108
Cn1nnnc1SCc1coc(-c2cc3c(nnn3-c3ccc(O)cc3)c(=S)s2)n1,16.09347693943108
O=C(CSc1nn2nc(-c3cccs3)cc2s1)Nc1ccc(-n2nccn2)nc1,16.1245154965971
COc1ccc(-c2nnn3nc(-c4sccc4-c4nnnn4C)sc(=S)c23)cc1,16.186414056238647
COc1ccc(/C=N/Nc2nn3nc(-c4nn5nc(Cl)cc5s4)nc3s2)cc1,16.217274740226856
Nc1nnc(SCc2nc(-c3nc4ncccc4s3)n(-c3ccccc3)n2)s1,16.217274740226856
O=c1sc2cnc(-n3ccc(OCc4cccs4)n3)nc2n1-c1ccc(O)cn1,16.217274740226856
COc1ccc(-c2cccc(-c3nc4sc(CS)nn4n3)n2)c2sc(=O)oc12,16.217274740226856
N#Cc1ccc(-c2nc3ncnc(N/N=C/c4ccc(N5CCOCC5)cc4)n3n2)s1,16.217274740226856
Nc1ccc(-c2nc(-c3ccc(F)cc3)n(CSc3noc(=S)s3)n2)nn1,16.217274740226856
Cn1c(-c2ccccc2)nnc1-c1nc(-c2nc(SS)nn2-c2ccccc2)no1,16.24807680927192
c1csc(-c2nnc3c(-c4cn(CCSc5cnnnn5)s4)csc3n2)c1,16.30950643030009
Nc1nnc(SCc2nnc(-c3ccc4c(c3)OC(c3nccs3)O4)s2)s1,16.30950643030009
O=C(O)CCn1nc(-c2cscn2)n2c(-c3ccccc3)nc(-c3nncs3)c12,16.34013463836819
CNc1nc(-c2cnc(/N=N/c3ccc4c(c3)OCO4)s2)n(C2CCSCC2)n1,16.34013463836819
Cn1nccc1SSc1ncc2sc3nc(-c4ccc(O)cc4)nn3c2n1,16.3707055437449
Oc1ccc(-c2nc3c4nn(CCc5ccc(-c6nccs6)cc5)c-4ncnn3n2)nc1,16.3707055437449
O=S(=O)(Oc1ccc(Nc2nc(-c3nncs3)cs2)cn1)c1cccs1,16.401219466856727
O=S(=O)(Oc1ccc(-n2nc(-c3csc4ccc(O)cc34)s2)nn1)c1nccs1,16.401219466856727
O=[N+]([O-])c1ccc(/C=N/Nc2nc(-c3nc4nc(N5CCOC5)ccc4s3)cs2)cc1,16.431676725154983
COc1ccc(-c2nc(N=[SH]c3nnc(N)s3)n(-c3ccc4c(c3)SC4)n2)cc1,16.431676725154983
COc1ccc2nc(/N=N/c3ccn(-c4nc5c(N)nsc5s4)n3)ccc2c1,16.46207763315433
Oc1ccc(-n2nc(-c3nc4c(OCc5ccco5)cncn4n3)sc2=S)cc1,16.46207763315433
C=Cc1nc(N)nn2nc(-c3csc(CSc4nc5ccccc5s4)n3)nc12,16.46207763315433
CSC(=S)n1nc(-c2ccc(O)cc2)nc1-n1nc(-c2ccc([N+](=O)[O-])cc2)s1,16.46207763315433
Cn1nc(-c2cccs2)nc1S/C(=N\Nc1nccs1)n1nnc2ccccc21,16.492422502470642
COc1ccc(-c2nn3nc(-c4nc(NN5CCCCC5)ns4)cc3s2)cc1,16.55294535724685
COc1cc(OCc2cscn2)cc2ncc(-n3nnc4sc(=S)[nH]c43)nc12,16.583123951777
CSc1nc2ncc(/C(C)=N/Nc3nc(-c4nc5c(s4)OCC5)cs3)cn2n1,16.583123951777
COC(=O)COc1ccc2ncn(-c3nc4sc(C(=O)O)cc4c(=S)s3)c2c1,16.61324772583615
Cn1cc(SSc2ncc3sn(-c4ccc(C(=O)O)cc4Cl)c3n2)nn1,16.61324772583615
Cn1c([C@H]2SC=Cc3cc(-n4nc(-c5ncc(CS)nn5)s4)ccc32)noc1=N,16.673332000533065
Nc1nnc(SCc2nsc(-c3cn(-c4ccc(Cl)cc4)nn3)n2)s1,16.673332000533065
Nc1nnc(SCc2nc(-c3cn(-c4ccc5c(c4)OCCO5)nn3)cs2)s1,16.673332000533065
CN(C)c1nc(N)nc(-c2cc3sc(=S)n(-c4ccc5oc(=O)sc5c4)n3c2)n1,16.673332000533065
Nc1nc(-c2ccnc(CSc3nncs3)n2)cc2sn(-c3ccccn3)c12,16.703293088490067
c1cnn(-c2ccc(-c3nc4sc(NCc5cncs5)nc4n3C3CC3)cn2)n1,16.703293088490067
C(=N/Nc1nn2nc(-c3nncs3)nc2s1)\c1ccc(Oc2ccccc2)nc1,16.703293088490067
Oc1ccc(-n2nc(/N=N/c3ccc(N4CCOCC4)cc3)nc2-c2nncs2)cc1,16.703293088490067
Cn1cc2sc(-n3nc(NCC(=O)OC(C)(C)C)nc3-c3cscn3)cc2n1,16.73320053068151
CSc1nccc(-c2noc(-c3nc4n(n3)-c3cc(CS)ccc3OCC4)n2)n1,16.822603841260722
Cc1ccc2cc(-c3nnnc(N/N=C/c4ccc(N5CCOCC5)s4)n3)oc2n1,16.822603841260722
CN(C)c1ccc(SSc2nc3nc(-c4ccc(C(=O)O)s4)nn3s2)nc1,16.852299546352718
COc1cccc(-n2nc(-n3cccn3)nc2-c2ccc3sc(=S)n(N)c3n2)c1,16.911534525287763
C/C(=N/Nc1nc(-c2ncccn2)cs1)c1nnc(-c2ccc3c(c2)OCO3)s1,16.941074346097416
Oc1c(/N=N/c2ccc(N3CCOC3)nc2)sc(=S)n2nc(-c3ccco3)nc12,16.941074346097416
N#Cc1ccc(-c2nsc(NSc3cn(-c4ccc5c(c4)OCO5)nn3)n2)s1,16.941074346097416
CSc1cc(O)c2nc(-n3nnc(-c4cccs4)n3)c(-c3cccs3)nc2n1,16.97056274847714
Oc1cc(OCc2csc(-c3cccs3)n2)nn2nc(-c3nnc(F)s3)nc12,16.97056274847714
COc1ccc(-c2nsc(=S)n3nc(-c4ccco4)nc23)cc1-n1ncc(O)n1,16.97056274847714
O=C(O)CSc1nc2c(ncc3cc(-n4nnc(-c5ccccc5)n4)ccc32)s1,17.0
Cc1nc2cc(-c3nc(CSc4nnc(N)s4)ns3)nc(N3CCC3)c2s1,17.0
COc1ccc(-c2nnc3nc(-c4nc5sc(SC)cn5n4)sc3n2)cc1,17.029386365926403
COc1ccc(-c2nc(N/N=C/c3ccc(Cl)nc3)c3nsc(=S)n3n2)cc1,17.05872210923198
C/C(=N\Nc1nsc(-c2csc(N3CCOCC3)n2)n1)c1ccc2c(c1)OCO2,17.05872210923198
COc1ccc(-c2nn3nc(-c4nn(SC(N)=O)c(=S)s4)cc3s2)cc1,17.05872210923198
COc1ccc(-c2nc(N)c3nc(-c4nn(-c5ccc(F)nn5)s4)sc3n2)cc1,17.05872210923198
C/C(CSc1nc2ccccc2s1)=N/Nc1nnc(-n2ncc3nnccc32)s1,17.05872210923198
Cn1cnc2nnc(O/N=C/c3ccc(-c4cnc5nc(CS)sc5n4)s3)cc21,17.05872210923198
CSc1nn2cc(-c3nc(N/N=C/c4cccs4)c4cn(C)nc4n3)nc2s1,17.08800749063506
C/C(=N/Nc1ncc2cc(=O)n(C)cc2n1)Sc1nnc(-c2cccs2)s1,17.08800749063506
CCn1c(=S)n(C)c2c1ncn1nc(-c3nc(-c4ccc(C(=O)O)cc4)ns3)nc21,17.11724276862369
O=C(O)COc1ccc(-c2nc3sc(-n4cc(-c5cccs5)nn4)nn3n2)cc1,17.11724276862369
Nc1nnc(Sc2nc3cnc(-c4ccc(N5CCOCC5)cc4)nc3s2)s1,17.146428199482248
CCn1nnc(SOc2ccc3c(c2)SCn2nc(-c4ccc(N)s4)nc2-3)n1,17.146428199482248
COc1ccc(-c2nc(N/N=C/c3nnns3)c3c(n2)sc2c3ncn2C)cc1,17.175564037317667
COc1ccc(-c2csc(-c3cc4nc(CS)nn4c(C#N)n3)n2)c2c1OCO2,17.175564037317667
COc1ccc(-n2nnc(-c3csc4sc(-c5cnc(CS)nn5)nc34)n2)cc1,17.175564037317667
COc1nn2nc(-c3csc(N/N=C\c4ccc(N5CCOCC5)cc4)n3)nc2s1,17.175564037317667
COc1ccc(-c2nsn3nc(-c4scnc4/C=N/Nc4ncccn4)nc23)cc1,17.175564037317667
Oc1ccc(-n2nnc(-c3nc4sc(SCc5ccccc5)nn4n3)n2)cc1,17.204650534085253
COc1ccc(Cn2c(=S)sc3c(O)nc(-c4nn5ncnc5s4)nc32)cc1,17.204650534085253
S=C(S)Sc1nc(-c2ccc(/C=N/Nc3nc(N4CCC4)cs3)nc2)no1,17.233687939614086
Clc1cccc(-n2nnc(-c3nc(N/N=C/c4ccc5c(c4)OCO5)ns3)n2)c1,17.26267650163207
COc1ccc(-c2nn3nc(-c4nnc(NN5CCC(=O)OC5)s4)cc3s2)cc1,17.291616465790582
CSc1nc(O)c2nc(-c3ccc(Oc4ccnc5ccccc45)nn3)sn12,17.320508075688775
COc1nn2c(-c3csc(N/N=C/c4ccc(N5CCCCC5)cc4)n3)nnc2s1,17.406895185529212
C/C(=N\Nc1nss1)c1nnc2ccc(Sc3nc4ccccc4n3C)nc2n1,17.406895185529212
Cc1nnc(SSc2nc3cnc(-c4ccc5c(c4)OCO5)nc3s2)n1C,17.46424919657298
CSc1ccc(F)c(-n2nnc(-n3cnc4sc(-c5csc(N)n5)nc43)n2)c1,17.52141546793523
COc1ccc(/C=N/Nc2nc3c(s2)-c2nc4c(n2C(C)=NS3)OCO4)cc1,17.52141546793523
Nc1ncnn2nc(-c3csc(CSc4nc5ccccc5s4)n3)nc12,17.52141546793523
C(=N/Nc1nccs1)\c1cn(-c2ccc(SCc3ccc4c(c3)OCO4)nn2)nn1,17.549928774784245
CNc1nc(-c2cc3c(ncn4nc(-c5ccco5)nc34)s2)cc(N2CCOCC2)n1,17.549928774784245
Nc1nnc(SCc2nc(-c3nsc(C(F)F)n3)n(-c3ccccc3)n2)s1,17.635192088548397
Oc1ccc(-c2nc3c(OCc4cn(-c5ccco5)nn4)nsc(=S)n3n2)cc1,17.663521732655695
Cc1ccc(-c2nc3nc(-c4nc(N/N=C/c5cccs5)ns4)ncn3n2)s1,17.663521732655695
SCc1cnc(-c2cn(-c3ncnc(N/N=C/c4ccc(Cl)s4)n3)s2)nn1,17.663521732655695
Cn1cnnc1N/N=C/c1ccc(-c2nnn(-c3ccc4c(c3)SCSO4)n2)cc1,17.663521732655695
CC(C)(C)OC(=O)CSc1nnc2n1CCc1nc(-c3nc(S)no3)sc1-2,17.663521732655695
COc1ccc(-c2nc3c(O)nc(-c4nn(-c5ccc(F)nn5)s4)nc3s2)cc1,17.663521732655695
Cc1cn2c(-n3nc(-c4ccc([N+](=O)[O-])cc4)nc3SS)nnc2cc1Cl,17.72004514666935
Cn1cc(-c2ccccc2CSc2nc(S)n3nc(-c4ccns4)nc3n2)nn1,17.74823934929885
Nc1nc(SCc2ccc(-c3nccs3)nc2)nc2nc(-c3ccsc3)nn12,17.74823934929885
COc1ccc(-c2nc(S)n3nc(-c4nc5sc(CC#N)nc5s4)nc3n2)cc1,17.74823934929885
CSSc1nc2nc(-c3ncc(C(=O)O)s3)sc2n1-c1ncc(F)cn1,17.776388834631177
Sc1nn2cc(-c3nc(N/N=C/c4ccc(N5CCOCC5)cc4)no3)nc2s1,17.804493814764857
CCOC(=O)N1CCN(c2ccc(N=[SH]c3nnc(N)s3)c3scnc23)CC1,17.832554500127006
Cn1nc(-c2nc(O)c3c(n2)sc2nc(SCc4ccccc4)nnc23)s1,17.88854381999832
CCC(=O)Oc1ccc(-n2sc(=S)n3nc(-c4ccco4)nc3c2=S)nc1O,17.88854381999832
CNc1nnc2nc(-c3csc(-c4ccc(C(=O)OC(C)(C)C)cc4)n3)n(C)c2n1,17.916472867168917
CSc1nnc(N/N=C/c2ccc(-c3nc(SC(=S)S)o[n+]3[O-])cc2)s1,17.916472867168917
CNc1nc(-c2nnc(SC)s2)n2c(Cl)c(-c3ccc4c(c3)OCO4)nc2n1,17.944358444926362
C/C(=N\Nc1nc2snc(-c3cnc(N4CCC4)s3)n2n1)c1ccc2c(c1)OCO2,17.944358444926362
COc1ccc(-c2nsc(-c3nc4nc(-c5ncns5)nc(O)c4s3)n2)cc1,17.97220075561143
CSc1nc(N/N=C(\C)c2ccc3c(c2)OCO3)n2nc(-c3cccs3)nc2n1,17.97220075561143
CSc1nc(N)c2nc(-c3ccc4c(c3)OCO4)n(Sc3cccs3)c2n1,17.97220075561143
C=Nc1nc(N/N=C/c2ccc(N3CCOCC3)cc2)n2nc(-c3cccs3)nc2n1,17.97220075561143
COc1cccc(-n2c(=S)sc3c(-n4nnc(-c5cccs5)n4)nc(N)nc32)c1,17.97220075561143
Cc1nn2nc(-c3nn(C)c4cnc(N/N=C/c5ccc(Cl)s5)nc34)nc2s1,17.97220075561143
C/C(=N\Nc1nc(-c2ccccc2)nn1-c1cccc2c1OCO2)c1nc2ncnn2s1,17.97220075561143
C/C(=N\Nc1nc(-c2cn(-c3ccccc3)nn2)cc(-n2ncs2)n1)c1ccccn1,18.0
c1csc(/N=N/c2cn(-c3nc4cc(OCC5CCNCC5)nnc4s3)nn2)c1,18.05547008526779
COc1ccc(-n2c(SS)nnc2-c2nc3ccc(C(=O)O)c(=O)n3s2)cc1,18.05547008526779
CSc1nc(N)n2nc(-c3ccc(-c4cnn(-c5ccccc5F)n4)s3)nc2n1,18.083141320025124
Cc1ccc(-c2nc3cnc(S)nn3c2/N=N/c2csc(N3CCOCC3)n2)o1,18.083141320025124
CC(=O)Oc1ccc(/C=N/Nc2nsn3nc(-c4cc5c(s4)OCO5)nc23)cc1,18.110770276274835
COc1ccc(-c2nsn3nc(-c4snc5nc(NC6CC6)ncc45)nc23)cc1,18.110770276274835
CSOc1ccc(-c2nn(C(=O)O)c3c2COn2c(-c4cccs4)nnc2-3)s1,18.138357147217054
COc1ccc(/C=N/Nc2nc3sc(-c4nnc5n4C(=O)CCS5)nc3s2)cc1,18.16590212458495
CCn1c(NC(=S)S)nnc1SCc1nnc(-c2ccc3c(c2)OCO3)o1,18.16590212458495
CN(C)c1nc2c(N)nc(-c3nsc(=S)n4nc(-c5ccco5)nc34)cc2s1,18.193405398660254
CSCCNc1nc(-c2nnc3sc(-c4ccc5c(c4)OCO5)nc3n2)cs1,18.193405398660254
COc1ccc(-c2nc3ccc(-c4cc5nc(SC)nc(S)n5n4)nn3n2)cc1,18.193405398660254
Cc1nsc(NC(=O)CSc2nnc(-c3cccs3)n2-c2nncs2)n1,18.193405398660254
CSc1nc2c(s1)CCSc1ncn(-c3nc(N)n(-c4ccc(C)nc4)n3)c1-2,18.193405398660254
CN(C)c1csc(-n2cc3cnn(-c4nnc(NC(=O)OC(C)(C)C)s4)c3n2)n1,18.2208671582886
CSc1nnc(SC)c(-n2cc3c(n2)-c2cnn(-c4ccc(O)cc4)c2CS3)n1,18.303005217723125
COc1ccc(-c2nc(=S)n(-c3ccco3)n3nc(CS)nc23)cc1C(=O)O,18.303005217723125
Cc1ccc(-c2nc(-c3nnc4cnn(CCOC(=S)S)c4n3)n(C(C)(C)C)n2)o1,18.303005217723125
Nc1nc(SCc2ccc(-c3nccs3)cc2)nc2nc(-c3nccs3)nn12,18.303005217723125
COC(=O)c1ccc(/C=N/Nc2nc3c(nnn3-c3cccnc3)c(=S)s2)s1,18.33030277982336
COc1csc(-c2nc3scc4c(cnn4-c4ccnc(NC5CC5)n4)c-3n2)n1,18.33030277982336
C/C(=N\Nc1nc(-c2cscn2)c2nnc(-c3cncs3)nn12)c1ccccc1,18.33030277982336
Cn1c(-c2cscn2)nc2c1cnn2-c1nsc(NC(=O)OCc2ccccc2)n1,18.35755975068582
COc1ccc(-c2nc3c(s2)c(N)nn2nc(-c4nn(C5CCC5)s4)nc32)cc1,18.35755975068582
CCSc1nc2c(N)nc(-c3nc4nc(-c5cccs5)nn4s3)cc2s1,18.384776310850235
CSc1nc(N/N=C(/c2ccc3c(c2)OCO3)n2c(=O)sc3ncccc32)ns1,18.411952639521967
Oc1ccc(-n2nnc(/N=N/c3ccc4nc(N5CCOCC5)sc4c3)n2)cc1,18.411952639521967
S=C(S)Nc1nc(-c2ccco2)nn1-c1nnc2ccc(OCc3ncco3)cn12,18.466185312619388
Nc1nnc(SCc2nc(-c3nnc(-c4ccc5c(c4)CCO5)s3)ns2)s1,18.49324200890693
COc1ccc(-c2nnc(-c3nsc(C(=O)CSC(=S)S)n3)s2)cc1,18.520259177452136
COc1ccc(-c2nc3c(NN=C4CCSC4=O)nc(SC)nc3s2)cc1,18.520259177452136
COc1ccc(-c2nc(/N=C\SC(=S)S)n(-c3ccc4c(c3)OCO4)n2)cc1,18.520259177452136
Nc1nc(SCc2ccc(-c3nccs3)cc2)nc2nc(-c3cncs3)nn12,18.520259177452136
Nc1nc(SCc2nc(-c3ccccc3)ns2)nc2nc(-c3cccs3)nn12,18.520259177452136
CSc1nnc2csc(-n3c4nc(S)nc(-c5ccco5)c4c(=O)n3C)c2n1,18.547236990991408
CO/N=C/c1ccc(-c2nsc(NC(=S)S)n2)cc1C(=O)OC(C)(C)C,18.601075237738275
Oc1ccc(-c2nc3sc(SSc4nnc(N5CCCC5)o4)nn3n2)cc1,18.627936010197157
Nc1nc(SCc2ccc(-c3cccs3)nc2)nc2nc(-c3ccns3)nn12,18.627936010197157
C[C@H]1COCCN1c1nc(/N=N/c2ccc3c(c2)OCO3)nn1-c1ccc(O)cc1,18.627936010197157
Cc1nn2cc(-c3cnnc(N/N=C/c4ccc(N5CCOCC5)s4)n3)nc2s1,18.627936010197157
Cc1cc(-c2nnc(N/N=C/c3ccc4c(c3)SCCO4)s2)nc(-n2cccn2)n1,18.627936010197157
Nc1nc(SCc2ccc(-c3cccs3)nc2)nc2nc(-c3cncs3)nn12,18.627936010197157
Cc1c(F)nc(N/N=C/c2ccc3c(c2)OCO3)nc1-n1nnc(-c2cccs2)n1,18.734993995195193
C/C(=N\Nc1nc2sc(-c3ccc(Cl)s3)nn2n1)c1cnc(-n2cccn2)nc1,18.734993995195193
COc1ccc(-c2nnc3c4nc(-c5nnc(S)s5)ccc4ncn23)cc1OC,18.734993995195193
Cn1c(-c2cnc(S)s2)nnc(SSc2nc(-c3ccccc3)no2)c1=O,18.734993995195193
COc1cc(-c2nn3c(N/N=C(\C)c4ccc5c(c4)OCO5)nnc3s2)sn1,18.734993995195193
COc1nc2sc(/N=N/c3cccc(N4CCNCC4)n3)nc2n1-c1ccccn1,18.734993995195193
SSc1nnc(-c2nc3n(n2)COc2cnc(OCc4ccccc4)cc2-3)s1,18.734993995195193
CC(C)c1cc(=O)n2nc(-n3nc(-c4ccco4)nc3NC(=S)S)nc2s1,18.81488772222678
Cn1c(SSc2cc3c(N)nc(-c4ncsn4)nc3s2)nc2ccccc2c1=O,18.81488772222678
COc1ccc(-c2nc3nc(-c4ccc(O)cc4)nn3[n+]([O-])n2)cc1SC(C)(C)C,18.841443681416774
COc1ccc(-n2nc(S)nc2-c2nc3c(s2)-c2ccc(OC)nc2OCC3)nc1,18.841443681416774
Fc1ccc(Cn2cnc3cnc(-n4cc(/C=N/Nc5nccs5)nn4)nc32)cc1,18.867962264113206
N#CCCSn1nc(-c2nc3sc(=S)n(-c4ccccc4)c(=O)c3s2)nc1N,18.920887928424502
C/C(=N\Nc1ccnn2nc(-c3cccs3)nc12)Sc1nnnn1-c1ccccc1,18.947295321496416
Nc1nnc(SCc2nc(-c3nc4sc(C5CC5)cc(=O)n4n3)cs2)s1,18.947295321496416
Nc1nc(SSCc2ccc3c(c2)OCO3)nc2nc(-c3cccs3)nn12,19.026297590440446
Nc1cc(-c2cccs2)nc(SCc2nn3nc(-c4cccs4)nc3s2)n1,19.026297590440446
O=C(CSc1nnc(-c2cccs2)s1)Nc1nnc(/[SH]=N/C2CC2)s1,19.05255888325765
C/C(=N/Nc1nnc(-c2ccco2)s1)Sc1nnc(N2CCOCC2)s1,19.05255888325765
COc1ccc(-c2nn3nc(-c4nnc(NN5CCCC(=O)O5)s4)cc3s2)cc1,19.078784028338912
C/C(=N\Nc1nncc(-c2cncs2)n1)c1nc(-c2ccc3c(c2)OCO3)ns1,19.078784028338912
CN1CCN(c2nc(N=[SH]c3nnc(N)s3)c(-c3ccc4c(c3)OCO4)s2)CC1,19.1049731745428
Nc1nnc(SCc2nc(C3=NN4C(=O)C=C(c5ccccc5)S4=N3)cs2)s1,19.131126469708992
CSc1nc(N)c2nc(-c3cccs3)nn(-c3nnn(-c4ccc(F)cc4)n3)c1-2,19.157244060668017
Cc1ccc2sc(SSc3nc4nc(-c5ccco5)nc(N)n4n3)nc2c1,19.157244060668017
COc1ccc2sc(-c3nc4nc(N/N=C(\C)c5cccs5)nnn4n3)cc2c1,19.183326093250876
O=Cc1nc(-n2cc(C(=O)O)cn2)sc1SSc1nc2c(s1)COCC2,19.183326093250876
Cc1c(C)c2c(oc1=O)c(-c1nnc(SS)s1)nn2-c1ncn(C(F)F)n1,19.183326093250876
COc1nc(-c2nnc3c(cnn3-c3cc4c(ccc(=S)n4C)s3)n2)ccc1O,19.183326093250876
O=C(O)Sc1nnc(-c2nnn(Cc3ccc(-c4nc5ccccc5s4)cc3)n2)s1,19.28730152198591
CC(=O)Oc1c(=O)n(C)nc2nc(-c3nnc(SS)n3-c3ccccc3)sc12,19.28730152198591
COC(=O)n1nc(-c2ccsc2)nc1-c1nnc2c(-c3cccs3)ccc(O)c2n1,19.313207915827967
COc1ccc(-c2nc(N/N=C\c3cccs3)nc3nc(-c4ncns4)nn23)cc1,19.364916731037084
CSc1nc2nc(-c3ccc4c(c3)OCO4)sc2c2nc(-c3ccc(O)cn3)nn12,19.364916731037084
COc1ccc(-c2noc(-c3nc(S)nc4c3-c3sc(N(C)C)nc3CO4)n2)cc1,19.364916731037084
Sc1nc(SCc2ccc(-c3ncco3)nc2)nc2nc(-c3ccns3)nn12,19.364916731037084
COc1ccc(-c2nc3sc(-c4csc(NN=C5CCCC5)n4)nn3n2)cc1,19.364916731037084
Sc1nc(SCc2ccc(-c3ncco3)cc2)nc2nc(-c3nncs3)nn12,19.364916731037084
Cn1ccc2sc(-c3nc4scc(-c5ccc(OS(=O)(=O)O)cc5)n4n3)nc21,19.390719429665317
SCc1nc2cc(-c3nc(N/N=C\c4ccc(-n5nccn5)cc4)ns3)ccn2n1,19.4164878389476
S=C(S)OCCNc1nc2cnc(-c3nnn(-c4ccccc4)n3)cc2s1,19.4164878389476
COc1ccc(-c2nc3n(n2)c(SC)nc2nc(-c4cccs4)nn23)cc1C#N,19.44222209522358
Cn1nnc(COc2ccc(-c3nc4cnc(NC(=S)S)nc4s3)cc2)n1,19.44222209522358
CS/C(=N\Nc1nc2nc(C(F)F)ncc2s1)c1nnnn1-c1cccs1,19.467922333931785
COc1ccc(/C=N/Nc2nc3c(s2)-c2c(ncn2-c2ncncn2)SCC3)cc1,19.570385790780925
CNc1nnnc(-c2ccc(OC)c3sc(-c4cccc5c4SSO5)nc23)n1,19.595917942265423
Nc1nnc(SCc2nnc(N3N=C(c4ccc(Cl)s4)CC3=O)s2)s1,19.621416870348583
CSc1nsc(-c2cc3c(nc2C#N)-c2c(nc(SC)n(C)c2=S)OC3)n1,19.621416870348583
COc1nnc(-c2nnc(SS)n2-c2ccccc2)n1-c1ccc2c(c1)OCO2,19.672315572906
COc1ccc(-n2nnc(-c3nsc(=S)n4nc(-c5ccc(O)cc5)nc34)n2)cc1,19.672315572906
O=C(CSc1nnc(-c2ccc3c(c2)OCO3)s1)Nc1nnc(-c2nccs2)s1,19.697715603592208
C/C(=N\Nc1nnnc(-c2cccs2)n1)c1nnc(-c2ccc3c(c2)OCO3)s1,19.697715603592208
C/C(=N\Nc1ncc2c(n1)CCCC2)c1ccc(-n2nnc(-c3cscn3)n2)s1,19.697715603592208
CC(C)(C)OC(=O)CSc1nnc(-c2nc(-n3ncc4cc(O)ccc43)ns2)s1,19.697715603592208
Nc1nnc(SCc2nc3c(nnn3Cc3ccc4c(c3)OCCS4)s2)s1,19.748417658131498
COC(=O)Cn1c(=S)sc2nc(Sc3nc4cc(N)ccc4s3)nnc21,19.77371993328519
Sc1nnc(-c2nnn(-c3ccc4sccc4c3)n2)c(SCc2ccco2)n1,19.79898987322333
COc1ccc(-c2nc(NC(=S)S)c3nc(-c4ccco4)nn3n2)cc1OC,19.82422760159901
COC(=O)COc1ccc(-c2nc3sc(-c4nc5ccc(O)cc5s4)nn3n2)cc1,19.82422760159901
COC(=O)c1cnc(-c2ccc(-c3nnc(S)s3)nn2)c2nc(SC)sc12,19.82422760159901
CNc1nnc2nc(-c3nc4sc(-c5nn(C)c6ccccc56)nc4s3)n(C)c2n1,19.8997487421324
Cn1c(SSc2nn3nc(-c4ccc(C(=O)O)cc4)nc3s2)nc2ccccc21,19.924858845171276
CCc1ncc(-n2ncc3c2C(=O)/C(=N/Nc2ncccn2)c2sc(S)nc2-3)s1,19.924858845171276
CSc1nc(N/N=C/c2ccc(Cl)cc2)nc(-c2nn(-c3nncs3)s2)n1,19.949937343260004
CSc1ncc(-c2nc3sc(-c4ccc(OS(=O)(=O)O)cc4)nn3n2)s1,20.0
CCOc1ccc(C#N)n2nc(-n3nc(-c4ccco4)nc3SC(=S)S)nc12,20.074859899884732
CCOC(=O)n1ncc2nc(-c3ccc(OSC(=O)O)s3)sc2c1=S,20.074859899884732
O=C(O)COC(=O)Cn1sc(=S)s/c1=N/c1nc(-c2ccccc2)ns1,20.09975124224178
CN(C)c1nsc(-c2cc(O)nc3cc(-n4nnc(-c5cccs5)n4)sc23)n1,20.09975124224178
CS(=O)(=O)Oc1ccc2sc(=O)c3sc(Sc4nnc(N)s4)cc3c2c1,20.09975124224178
CSc1nc2nc(-c3cc4nc(N/N=C(/C)c5cccs5)nnc4s3)ccn2n1,20.174241001832016
COc1ccc(/C=N/Nc2nc3sc(=S)nc-3n(-c3ccn4ncnc4c3)n2)cc1,20.174241001832016
O=C(O)c1cc(Cl)n(-c2nnc(SSCc3ccc4c(c3)OCO4)s2)n1,20.174241001832016
COc1ccc(-c2nnn3nc(CS)nc3n2)cc1/C=N/c1nsc2ccccc12,20.174241001832016
CS[C@@H]1COc2cc(-n3nnc(-c4ccc(COC(=S)S)nn4)n3)ccc21,20.199009876724155
COc1ccc(-c2nnc(NC(=S)S)n2-c2cnc3sccn23)cc1[N+](=O)[O-],20.199009876724155
CSc1nnc(-n2c(-c3ccc(O)cc3)nc3c(C(C)(C)C)c(S)nn32)nn1,20.223748416156685
COc1ccc(-c2nc(-n3nnc4c3SCCCS4)c3sc(N)nc3n2)cc1,20.223748416156685
COc1ccc(-c2nnc3c(n2)n(C(=S)S)c2nc(-c4ccco4)nn32)cc1OC,20.273134932713294
CSc1nc2nc(-c3ccc(O)cc3)sc2nc1-c1nn2nc(C=O)nc2s1,20.273134932713294
O=C(Nc1nc2sc(-n3nnc(-c4cscn4)n3)nc2s1)OCc1ccccc1,20.29778313018444
C/C(=N\Nc1nc(N2CCC2)nc2nc(-c3ccc4c(c3)OCO4)nn12)c1cccs1,20.346989949375804
CCOC(=O)N1CCN(c2nc(C(C)(C)C)c(N=[SH]c3nnc(N)s3)s2)CC1,20.346989949375804
CSc1nc(N)c2/c(=N/c3nc(C)cs3)sc3nc(-c4cccs4)nn3c2n1,20.37154878746336
O=C(Oc1ccc(/C=N/Nc2ncnc3c2ncn3-c2ccccc2)cn1)N1CCCC1,20.396078054371138
COc1ccc(/C=N\Nc2nc(-c3nnc4n3SC(=S)CS4)cs2)cc1,20.46948949045872
CSc1nc(-c2ccc3c(c2)OCO3)n2nc(-c3ccc(C(=O)O)s3)nc2n1,20.493901531919196
CNc1nc(-c2nc3cc(OC(=O)C(C)(C)C)c(OC)cc3s2)c2scnc2n1,20.493901531919196
CSc1ncc(-c2nc3cnc(-n4sc5ccccc54)nc3n2C2CO2)nc1N,20.566963801203133
COC(=O)SOc1ccc(-c2nsc(-c3cc4nc(CS)nn4s3)n2)cc1,20.591260281974
CC(C)Oc1ccc(C#N)n2nc(-n3nc(-c4cccs4)nc3NC(=S)S)nc12,20.615528128088304
S=C(S)Nc1ccnc(-n2cc(CSc3nnc(-c4ccccc4)o3)nn2)n1,20.639767440550294
CSc1nc2n(n1)-c1csc(-n3nnc(-c4cccs4)n3)c1CC[C@H]2C(=O)O,20.688160865577203
CCn1ncc2c1-c1cc(N/N=C(\S)n3nnc(-c4cccs4)n3)ncc1OCC2,20.71231517720798
COC(=O)c1nsc(-c2nc3nc(N)sc(=S)c3n2-c2ccc(OC)cc2)n1,20.760539492026695
COc1ccc(-c2nc3n(n2)-c2cc(-c4nnc(CS)nn4)sc2CS3)cc1,20.760539492026695
CSc1cn(-c2ccccc2)c(=S)c2nc(-c3nc(N)n4nc(C)sc34)nc-2n1,20.760539492026695
CNc1nc(-c2ccc(OC)cc2)n2c3nc(-c4ccc5c(c4)OCO5)nc(N=S)c3n2n1,20.784609690826528
CCOc1ccn2nc(-n3nc(-c4cccs4)nc3NC(=S)S)c(C#N)c2n1,20.808652046684813
CC(=O)Oc1cnc2c(c1)oc1c(-c3nnc(SS)s3)nc(CS)cc12,20.83266665599966
COc1ccc(-c2nc3c(N)nc(-c4nn(-c5cccc(C=O)n5)s4)nc3s2)cc1,20.85665361461421
COc1ccc2c(c1)OCc1c-2sc2c1cnn2-c1nnc(SSC)nn1,20.904544960366874
COc1ccc(-c2nc(S)n3nc(-c4nnc(CS)c5ccnn45)cc3n2)cc1,20.904544960366874
COC(=O)c1cc(-c2nc(NC(=S)S)c3sc(=S)n(C#N)n23)ccc1OC,20.92844953645635
CC(C)(C)OC(=O)Oc1ccc(/C=N/Nc2nnnc(-n3cnc4ccccc43)n2)cc1,21.0
CCOc1cc(=O)n2nc(-n3nc(-c4cccs4)nc3NC(=S)S)nc2o1,21.0
COC(=O)CSc1cn2nc(-c3nnc(NC(=O)OC(C)(C)C)s3)cc2s1,21.047565179849187
C(=N/Nc1nnnc(-c2nnc(-c3ccccc3)s2)n1)\c1ccc(N2CCOCC2)cc1,21.071307505705477
COc1ccc(-c2nsc(=S)n3nc(-c4ccco4)nc23)nc1/C=N/N1CCOC1,21.095023109728988
CNc1nc(-c2cc3c(o2)OSCS3)nc(N2CCC(c3nccs3)C2)n1,21.118712081942874
C/C(=N/Nc1nncc2nc(-n3nccn3)c(F)n12)Sc1nc2ccccc2s1,21.142374511865974
CSc1nnc(SC)c2c1nc(C#N)c1sc(-c3nnc(CS)n3C)cc12,21.142374511865974
O=S(=O)(O)Oc1ccc(-n2c(-c3ccco3)nc3sc(-c4ccns4)nc32)cc1,21.166010488516726
Oc1ccc(-c2nc3nc(/N=N/c4ccc(N5CCOCC5)nc4)nnc3s2)cc1,21.166010488516726
CSOc1ccc(-c2csc(-c3nc4c5c(nnn4n3)SCC5)n2)cc1C(=O)O,21.18962010041709
COc1ccc2c(cc(-n3nc(-c4ccco4)nc3NC(=S)S)c3ncnn32)c1OC,21.18962010041709
COc1ccc(-n2ncc3nnc(S)nc32)nc1-c1nc(-c2cccs2)ns1,21.236760581595302
CC(=O)n1c(CS)nnc1-c1nnc(SSc2ccc3c(c2)OCCO3)o1,21.2602916254693
Cc1ncc(SOc2ccc3c(c2)Cn2nc(-c4nc(C(=O)O)ns4)nc2-3)s1,21.2602916254693
CSc1ccc2c(c1)SCn1nc(-c3nnc(N/N=C\c4ccncn4)s3)nc1-2,21.2602916254693
c1ccc(N/N=C(\Sc2nnnn2-c2cccs2)c2ccc3c(c2)OCO3)nc1,21.330729007701542
CN(C)c1nc(N)nc(-c2nn3nc(-c4ccc5c(c4)SSCO5)cc3s2)n1,21.330729007701542
C/C(=N\Nc1ncc2c(n1)N(C)C=Nc1nc(-c3nccs3)cn1-2)c1cncs1,21.330729007701542
COc1ccc(-c2nc3nc(=S)n(C)c(-c4nc5nc(N)nc-5n(C)n4)c3s2)cc1,21.400934559032695
CSc1nc(-c2nc3c(nc(N)n4nc(-c5ccc(CF)s5)nc34)s2)ns1,21.517434791350013
CCOC(=O)Oc1ccc2c(c1)OCc1nc(-c3nnc(SS)s3)ncc1-2,21.563858652847824
COC(=N)SSc1nnc(-c2nn(C)c3c2C(=O)c2nc(CS)sc2-3)s1,21.587033144922902
Cc1ccc(-n2nnc3c2N(O)C(=O)N(C)c2nc(-c4cccs4)n(S)c2-3)cc1,21.587033144922902
COS(=O)(=O)c1nc2c(C)c(=S)n1N=C(c1cccs1)N2c1ccc(O)cc1,21.656407827707714
CCn1nnc(-c2nc(NC(=S)S)nn2-c2ccc3ccc(OC)cc3c2)n1,21.656407827707714
O=Cc1cc(SCc2cn(-c3ccc4c(c3)OCO4)nn2)nnc1NC(=S)S,21.656407827707714
Fc1cc(Nc2nc(-c3cn(-c4ccc5c(c4)OCO5)nn3)nnc2CS)ccn1,21.6794833886788
COc1ccc(-c2nc(S)c3nc(-n4nnc(-c5ccccn5)n4)sc3n2)cc1,21.702534414210707
Cn1nc(OCc2ccc3c(c2)SCSO3)c2nc(-c3ccc(O)cn3)nn21,21.702534414210707
CSc1nc2c(-n3cnnc3N)c(=S)n1N=C(c1ccco1)N2c1ccc(C)cc1,21.702534414210707
COC(=O)c1cn2nc(-c3nc4c(S)nc(-c5ccc(OC)cc5)cn4n3)sc2n1,21.72556098240043
COc1ccc(-c2nc(N)c3nc(-c4nc5nn(C)c(=S)nc5s4)sc3n2)cc1,21.77154105707724
COc1ccc2c(cnn2-c2nc(NC(=O)OCc3cscn3)sc(=S)n2)c1,21.817424229271428
CCOC(=O)C1Cc2cc(-n3nnc(-c4csc(OC(=S)S)n4)n3)ccc2O1,21.840329667841555
COc1ccc(-c2nnc3c(Nc4ccc5c(c4)OCCO5)nc(S)nn23)cc1,21.840329667841555
Nc1nc(-c2nnn(CSc3ccccc3)n2)nc2sc(-c3cccs3)nc12,21.88606862823929
c1ccc(/C(=N/Nc2ncc3nccn3n2)Sc2nnnn2-c2cccs2)cc1,21.97726097583591
CS/C(=N/Nc1ncc2ccc(=O)oc2n1)Sc1cn(-c2cccs2)nn1,21.97726097583591
S/C(=N\Nc1ncc2ccc(-n3nnc(-c4ccccn4)n3)cc2n1)c1nccs1,22.045407685048602
COc1ccc(-c2nc(N/N=C3/SCCC3=O)c3nc(-c4nss4)cn3n2)cc1,22.06807649071391
Fc1ccc(/N=N/c2nc(NN3CCOCC3)c3nnn(-c4cccs4)c3n2)cc1,22.06807649071391
Cc1ccc2sc(SSc3nnn4nc(-c5ccc(O)cc5)nc4n3)nc2c1,22.06807649071391
O=Cc1cc(C(=O)O)nn1-c1nnc(SSc2nc3c(s2)CCCC3)s1,22.090722034374522
CCCn1cnc2nc(-n3nc(-c4cccs4)nc3SC(=S)S)nnc21,22.135943621178654
O=[N+]([O-])c1ccc(-n2cc(CSSc3nnc(NC(=S)S)s3)nn2)cc1,22.181073012818835
COc1ccc2c(n1)Sc1snc(C)c1-n1nc(-c3sn(C)c3C(=O)O)nc1-2,22.20360331117452
C=CCSSc1nn(-c2ccc3c(c2)O[SH]=N3)cc1C(=O)OC(N)=S,22.22611077089287
COC(=O)Cn1c(-c2ccco2)nc2c1c(-c1nc(NC(=S)S)ns1)nn2C,22.22611077089287
COc1ccc(-c2nc(S)n3nc(-c4ccc(CS)nn4)cc3n2)c2c1OCO2,22.22611077089287
O=C1N/C(=N\Sc2nnc(N=S(=O)(c3ccccc3)c3cccs3)s2)S1,22.24859546128699
Sc1nc(-c2cccs2)nc(-n2cc(/C=N/Nc3nccs3)c3cncnc32)n1,22.293496809607955
C=CCOC(=O)c1nnc(-c2nc3nc(S)nc(S)c3n2-c2ccccc2)s1,22.315913604421397
Oc1ccc(-n2nc(-c3nnc(SCc4cccc(F)n4)nn3)sc2=S)cc1,22.338307903688676
CC1CN(C(=O)OC(C)(C)C)CCN1c1nnc(CSc2nnc(N)s2)s1,22.360679774997898
COc1ccc(/C=N/Nc2ccc3nc(-c4nnc5n4CCS5)nc(=S)n3n2)cc1,22.538855339169288
COc1ccc(C(=O)C2=CSn3nc(-c4nnc(SS)s4)nc2c3=O)cc1,22.538855339169288
CSc1nc2n(n1)-c1ccnc(-n3nnc(-c4cccs4)n3)c1/C(=C/CO)S2,22.60530911091463
Cn1c(C(C)(C)C)nc2nc(-n3nc(-c4ccco4)nc3SC(=S)CS)nnc21,22.60530911091463
CCN1CCCN(c2nc(N)nc(-c3nc4oc(-c5cccs5)nc4s3)n2)CC1,22.67156809750927
C/C(=N\Nc1nnc2c(n1)CCCC2)Sc1nnc(-c2ccc3c(c2)OCO3)s1,22.715633383201094
O=C(Sc1nnc(S)nn1)c1ccc2c(c1)C/C(=N/OCc1cccs1)CO2,22.715633383201094
COc1ccc(-c2nc(N)c3c(SC)nc4nc(-c5cccs5)nn4c3n2)cn1,22.759613353482084
COc1cccc(-c2nc(/N=C(/C#N)SC(=S)S)nn2-c2nnc(C)s2)c1,22.80350850198276
C/C(=N/Nc1ncc(-c2ccc3c(c2)OCO3)nn1)Sc1ncnn1-c1cccs1,22.80350850198276
COc1cccc(-n2nnc(-c3ccc(/C=C4\SC(=S)SC4C(=O)O)o3)n2)c1,22.80350850198276
CC(=O)Oc1cc(C)cn2nc(-n3nc(-c4ccco4)nc3NC(=S)S)nc12,22.847319317591726
Cc1nc(C2COCCN2CCSc2nnc(NC(=O)OC(C)(C)C)s2)ns1,22.9128784747792
COc1ccc(-c2cc(-c3nsc(NC(=S)S)n3)nc(-n3ccnn3)c2)cn1,23.021728866442675
COc1ccc(-n2nc3scc(-c4nc(N)nc(N5CCCCC5)n4)c3n2)cc1,23.194827009486403
CCC(=O)Oc1cccn2nc(-n3nc(-c4ccco4)nc3NC(=S)S)nc12,23.259406699226016
O=C(O)CSc1nn2nc(-c3csc(N/N=C/c4ccc(F)cc4)n3)nc2s1,23.280893453645632
CSc1nnc(-c2c(-c3ccco3)c3nnc(S)nc3n2-c2ccccc2)nn1,23.302360395462088
Sc1nc(SCc2ccc(-c3ncccn3)nc2)nc2nc(-c3ccns3)nn12,23.323807579381203
COc1ccc(-c2nn3c(-c4ccc(NN=C5SCCS5)nc4)nnc3s2)nc1,23.40939982143925
CCOC(=O)C1Oc2ccc(-n3nc(-c4cccs4)nc3NC(=S)S)cc2O1,23.45207879911715
CCOC(=O)n1ncc2c(c(-c3nc(C)nc(S)n3)nn2-c2ccccc2)c1=S,23.49468024894146
CNc1nc(SSc2cnc3nc(F)ccn23)nc(-c2ccc3c(c2)OCO3)n1,23.57965224510319
COc1ccc(-n2c(-c3nnc(SC)s3)nc3nc(N)sc32)c2c1OCCO2,23.62202362203543
C/C(=N\Nc1nnc2sc(-c3nc(N4CCC4)ns3)cc2n1)c1ccc2c(c1)OCO2,23.643180835073778
CN(C)c1ncnc(-c2nc3c(S)nc(-c4ccc5c(c4)OCO5)nc3s2)n1,23.748684174075834
CN(C)c1nc(/N=N/c2cc(F)c3nc(S)sc3c2)nc(N2CCOCC2)n1,23.748684174075834
O=C(CSc1nc(C2CC2)no1)Nc1nc(S)c2sc(-n3ccs3)nc2n1,23.769728648009426
COc1ccc(-c2nc(NC(=S)S)n(-c3nc4c(OC)ccc(C#N)n4n3)n2)cc1,23.790754506740637
O=C(O)CSc1nn2nc(-c3ccc(OC(=O)c4cccs4)s3)nc2s1,23.83275057562597
COc1ccc(-c2nc(SC(=S)S)n(-c3nnc4sc(C)nc4n3)n2)cc1,23.83275057562597
CNc1nc(SSc2nnc3ccccn23)nc(-c2ccc3c(c2)OCO3)n1,24.08318915758459
Sc1nc(SCc2ccc(-c3ncccn3)nn2)nc2nc(-c3cccs3)nn12,24.08318915758459
CSc1nnnc(N/N=C/c2ccc(N3CCN(C(=O)OC(C)(C)C)CC3)s2)n1,24.331050121192877
Nc1nc(SCc2cn(-c3ccc(C(F)(F)F)cc3)nn2)nc(N2CCCC2)n1,24.392621835300936
Cc1nnc(SCc2noc(-c3csc(NC(=S)S)n3)n2)c2nccnc12,24.43358344574123
CCn1nnc2c(SCc3nnc(-c4ccccn4)o3)cc(NC(=S)S)nc21,24.454038521274967
COc1cccc2cc(CSc3nc(S)n4nc(-c5nnns5)nc4n3)ccc12,24.49489742783178
CSc1nnc(-c2nc(NC(=S)S)n(-c3ccc([N+](=O)[O-])cc3F)n2)s1,24.677925358506133
Nc1nc(SSc2nnn(-c3cccs3)n2)nc2sc(-c3ccccc3)nc12,24.698178070456937
Cc1cnc2cc(-n3cc(CSc4ncc(NC(=S)S)nn4)nn3)ccc2n1,24.919871588754223
CC(=O)Oc1cccc(CSc2nc(S)c3sc(-c4nnns4)nc3n2)c1,24.919871588754223
Cc1cccc(-n2nnc(S[SH]3c4nc(C)ccc4Sc4nc(S)nn43)n2)c1,24.939927826679853
C/C(=N\Nc1nc2c(c(-n3nnc(-c4cccs4)n3)n1)OCCO2)c1cccs1,24.95996794869737
CCCn1cnc2cc(-c3nnc(N/N=C4/CSSCS4)nc3C#N)sc21,24.979991993593593
CSc1nc(-c2nc3nnc(CS)nn3n2)n(-c2ccc(Cl)c(Cl)c2)n1,25.03996805109783
CC(C)(C)n1nc(CS)nc1-c1nnc(SS)n1-c1ccc([N+](=O)[O-])cc1,25.059928172283335
C=C(SSc1cnc(-n2cc(/C=N/Nc3nccs3)nn2)nn1)C(F)(F)F,25.059928172283335
COc1ccc(-c2nc3cnc(NC(=S)S)nc3n2-c2ncsn2)cc1OC,25.099800796022265
O=[N+]([O-])c1ccc(-c2nc(N/N=C/c3cccs3)nc3nsc(=S)n23)cc1,25.11971337416094
CNc1nc(-c2ccc(OC)c(OS(=O)(=O)C(F)(F)F)c2)n2sc(=S)nc2n1,25.13961017995307
CCNc1nc(-c2ccc3c(c2)OCO3)nc(N2CCN(c3nc(C)ns3)CC2)n1,25.13961017995307
N#CCSc1nc(O)nc(-c2cc3c(s2)-c2sc(OS)cc2OCCO3)n1,25.25866188063018
COC(=O)C1(C)Oc2ccc(-c3ccn([SH](=O)=S)n3)cc2-c2nc(N)sc2O1,25.25866188063018
CSc1nnc(N/N=C/c2ccc(-c3coc(SC(=S)S)n3)cc2)nn1,25.317977802344327
COc1ccc2sc(-c3nsc(-c4csc(NN5C(=O)OC5=O)n4)n3)cc2c1,25.357444666211933
O=C(SSc1nnc(-n2c(=S)sc3cc(O)ccc32)nn1)c1ccccn1,25.37715508089904
CSc1noc(-c2nc(S)nn3c(SCc4ccc(Cl)cc4)nnc23)n1,25.41653005427767
CNc1nc(-c2ccc3c(c2)OCO3)n2nc(SSc3nccs3)nc2n1,25.612496949731394
CSc1nnc(-c2nc(NC(=S)S)n(-c3ccc4c(c3)OC(C)(C)O4)n2)o1,25.65151067676132
COc1c(O)cccc1-c1nc2c3c(nnn2n1)Sc1nc(SC)ccc1S3,25.69046515733026
CNc1nc(-c2cc3c(s2)-c2ccc(OC)cc2OS3)nc(N2CCOC2=O)n1,25.709920264364882
CSc1nc(N/N=C(\Sc2cccnc2)N2CCOCC2)sc1C(=O)O,25.748786379167466
COc1ccc(/C=C2/C(=O)N=C(S)[SH]2Sc2nnc(-c3nccs3)nn2)cc1,25.748786379167466
COc1ccc(-c2nc(NC(=S)S)c3nnc4c(n23)C(=O)CS4)cc1OC,25.80697580112788
CC(=O)c1cn(-c2nc(NC(=S)S)nc(-c3nnn(-c4ccccc4)n3)n2)s1,25.88435821108957
COc1ccc(-c2nsc(/N=C3\SC(=S)SS3(=O)=O)n2)cc1OC,25.96150997149434
CSc1nnc(-c2nc(NC(=S)S)nn2-c2ccc([N+](=O)[O-])cc2)s1,26.019223662515376
COC(=O)c1cc2c(s1)c(-n1nnc(-c3ccccc3)n1)nc1ccc(OS)nc12,26.229754097208
CCOc1cc2c(cc1C(=O)OC)Sc1c(nnn3nc(-c4ccc(O)cc4)nc13)S2,26.40075756488817
CN(C)c1nc(NN=C2CCSC2)c2nnn(-c3nc(-c4ccccc4)ns3)c2n1,26.457513110645905
Cc1ccc(-c2nnc(NSc3nnc(-c4ccc5c(c4)OCO5)nn3)s2)s1,26.457513110645905
CN(c1ccc(N2CCOCC2)cc1)c1nc(O)cc(N2N=Nc3cccnc3S2)n1,26.589471600616662
CC(C)(C)OC(=O)CNc1nc(N2CCCC2)nc(-n2cc(-c3cccs3)nn2)n1,26.60826939130014
CNc1nc(SSC(=S)OC)nc(-c2cnn(-c3ccc4c(c3)OCCO4)c2)n1,26.814175355583846
CCSc1ncnn2c(-n3nc(-c4cccs4)nc3SC(N)=S)cnc12,26.870057685088806
CSc1nc(NN=C2CCCS2)c2nc(-c3nc(-n4cccn4)ns3)ccc2n1,26.90724809414742
COC(=O)Oc1cccc(CSc2nc(S)n3nc(-c4cncs4)nc3n2)c1,26.92582403567252
CN(c1nc(N/N=C/c2cccs2)nc(N2CCOCC2)n1)c1nc2ncccc2s1,26.981475126464083
Cn1ccc(-c2ccc3c(/N=N/c4nc(=S)c5cncnc5n4C)nc(S)nc3c2)n1,26.981475126464083
S=C(S)Nc1ncnc(-n2cc(CSc3nnc(-c4ccccc4)o3)nn2)n1,27.0
CCC(=O)Oc1nc2nc(-n3nc(-c4ccccc4)nc3NC(=S)S)nn2s1,27.018512172212592
CSc1nnc(-c2nc(NC(=S)S)c3nc(-c4ccccc4)nn3n2)n1C,27.23967694375247
COc1ccc(-c2nsc(-c3cc(NC(=S)S)nc(-n4nccn4)n3)n2)cc1,27.23967694375247
CSc1nc2nc(OC(C)=O)c3nc(N)nc(-c4cccs4)c3c2c(=S)s1,27.40437921208944
CNc1nc(SSC(=S)OC)nc(-c2cnn(-c3ccc4c(c3)OCO4)c2)n1,27.40437921208944
Cc1ccc(-c2nc(-c3nc(NC(=S)S)cs3)nc(-n3ncc(C)n3)n2)cn1,27.459060435491963
Cn1nc(S(C)(=O)=O)cc1/N=C(\S)Nc1nc2nnc(-c3cccs3)nc2s1,27.60434748368452
CC1(C)Oc2ccc(-n3nnc(CSc4nnc(NC(=S)S)o4)n3)cc2C1=O,27.730849247724095
COC(=O)Cn1nnc2ccc(-n3nc(-c4cccs4)nc3NC(=S)S)nc21,27.76688675382964
CS/C(=N/Nc1ncc2nnn(-c3ccccc3Cl)c2n1)Sc1nncs1,27.83882181415011
CN(C)c1nc(-c2ncnc(Nc3cnc4nc(S)oc4c3)n2)cc(-c2cccs2)n1,27.892651361962706
c1ccc(-n2nnnc2S/C(=N\Nc2ncsn2)c2ccc3c(c2)OCO3)cc1,27.92848008753788
CCOC(=O)Oc1cccn2nc(-n3nc(-c4cccs4)nc3NC(=S)S)nc12,28.053520278211074
c1csc(-n2nccc2S/C(=N\Nc2nncnn2)c2ccc3c(c2)OCO3)c1,28.071337695236398
Oc1cccc2c1C(Sc1nnc(S/N=C/c3ccccc3)nn1)=NCCS2,28.142494558940577
COc1ccc(-n2nc(-c3nccc(NC(=S)S)n3)n(/C=N/C#N)c2=S)cc1,28.178005607210743
CSc1nc(N[SH](=O)=S)cc(-c2nc3nnc(-c4cccs4)nc3s2)n1,28.26658805020514
Cc1ccc2cc(-n3nnc(CSc4ncc(NC(=S)S)nn4)n3)ccc2n1,28.30194339616981
CC(=O)Oc1cc(C)nn2c(-n3nc(-c4cccs4)nc3NC(=S)S)nnc12,28.407745422683583
COc1ccc(-c2nc3c(NN=C4SCCS4)nc(-c4ccns4)nn3n2)cc1,28.5657137141714
CN(c1nc(N)nc(N2CCCCC2)n1)c1nc2sc(-c3cccs3)nc2s1,28.600699292150182
CSc1nnc(N/N=C/c2ccc(-c3ccnc(SC(=S)S)n3)cc2)nn1,28.879058156387302
CCn1nnc2cc(-c3nc(-c4nc(OC)cs4)ns3)c(NC(=S)S)nc21,28.879058156387302
CNc1nc(-c2cc3c(s2)/C(=N/C2CCCC2)C(=O)n2nc(SC)nc2-3)ns1,28.982753492378876
CNc1nc(-c2ccc3c(c2)OCO3)c2nc(SSc3nccnn3)sc2n1,29.171904291629644
Cc1ccc(-c2nc(SC(=S)CS)n(-c3nnc4c(n3)C(=O)CCS4)n2)o1,29.512709126747414
CSC(=S)Nc1nc(-c2nc(-c3ccco3)ns2)c2nc(SC)nn2n1,29.597297173897484
COC(=S)SSc1ncc(-n2c(CS)nc3ccc(C(=O)O)cc32)nn1,29.631064780058107
CSc1nnc(-c2nc(NC(=S)[SH]=O)nc(-c3ccc4c(c3)OCO4)n2)s1,29.631064780058107
COc1ccc(/N=C(\SC(=S)S)N(C)c2cnc(-n3ccnn3)nn2)cc1,29.715315916207253
COc1ccc(-c2nnnc(N/N=C(\Sc3cccs3)N3CCOCC3)n2)cn1,29.9833287011299
CCSc1ncc(NC(=S)S)nc1-c1nnn(-c2ccc3c(c2)OCO3)n1,30.01666203960727
CNc1nc(-c2ccc3c(c2)OCO3)nc(N2CCC[C@@H]2c2nnn(-c3ccccc3)n2)n1,30.066592756745816
CSc1nc(NC(=S)S)nc(-c2nc(-n3cccn3)nn2-c2ccccc2)n1,30.099833886584822
CSc1nnc(-c2nc(NC(=S)S)n(-c3ccc(OC(C)=O)cn3)n2)s1,30.495901363953813
CN(c1cc(N)nc(SSC(=S)Oc2ccc3c(c2)OC3=O)n1)c1nccs1,30.643106892089126
CSSc1nc(NN=C2CCSS2)cc(-c2nc3ccc(C#N)cn3n2)n1,30.886890422961002
COc1ccc(-c2nc(NC(=S)S)n(-c3nnc4ncccc4n3)n2)cc1OC,30.93541659651604
CSc1nc(NN=C2CCCCC2)nc2sc(-c3nc4c(nnn4C)n3C)nc12,30.95157508108432
COc1ccc(-c2nsc(/N=C(\SC(=S)S)N3CC(C(=O)O)O3)n2)cc1,31.78049716414141
C/C(=N/Nc1nnc2ccccc2n1)Sc1nnnn1C(=S)Nc1cccs1,32.01562118716424
COc1ccc(-c2nc3cnc(NC(=S)S)nc3n2C(=O)OC(C)(C)C)nc1OC,32.03123475609393
Fc1ccc(CSSc2nnc(-c3nc(OC(=S)S)no3)nn2)cc1,32.109188716004645
CC1CCN(C(=S)SSc2ncc(Sc3nnc(N)s3)nn2)CC1,32.14031735997639
CCOC(=O)c1sc(-c2nnn(-c3ccc4c(c3)OCO4)n2)nc1NC(=S)S,32.526911934581186
COc1ccc(-n2c(SC)nnc2-c2nc(NC(=S)S)nc3c2OCO3)cc1,32.63433774416144
O=S(=O)(O)Oc1ccc(-n2cc(/N=C3/SCSC(=S)S3)nn2)cc1,32.92415526630866
CSc1nnc(-c2nc(NC(=S)S)nc(-c3cn(CC(F)F)nn3)n2)s1,33.421549934136806
S=C(S/C(=N/Nc1ncnc(/N=N/C2CC2)n1)c1cccs1)N1CCOCC1,33.926390907374746
CN(c1ccccn1)S(=O)(=O)c1nc(N/N=C(\S)c2ccns2)sc(=S)n1,34.36568055487916
CC(S)=N/C(=N/Nc1ncc2ccc(-n3nccn3)nc2n1)Sc1cccnc1,34.42382895611701
CSSc1nc(-c2ncccn2)nc(-n2cc(/C(S)=N/c3ccccc3)nn2)n1,35.31288716601915
CSc1nnc(-c2nc(NC(=S)S)nc(-c3ccc(OC(C)=O)nc3)n2)s1,35.81898937714463
CC1=CN(C(=S)SSc2ncc(Sc3nnc(N)s3)nn2)CC(C)=N1,36.373066958946424
C/C(=N\Nc1nnc2nc(SSC(=S)N(C)C)sc2n1)C(=O)OC(C)(C)C,36.6742416417845
CC1=CC(C)=NN(C(=S)SSc2ncc(Sc3nnc(N)s3)nn2)C1,36.959437225152655
CSc1nc(N)nc(-n2cnc3c2-c2nc(SC)sc2OC(=S)S3)n1,38.600518131237564
COc1ncnc(N/N=C(/SC(=S)N2CCOCC2)Sc2cccs2)n1,39.433488306260706
Nc1nnc(S/N=C(\S)N2CCN(C(=O)OCc3ccc(Cl)cc3)N=N2)s1,39.50949253027682
Cc1nsc(-c2cnc([C@@H]3CCCN3c3nc(N)nc(N4CCCCC4)n3)s2)n1,42.43819034784589
